"";"gamma-Glu-Cys";"gamma-Glu-2-aminobutyric acid";"gamma-Butyrobetaine";"beta-Ala";"Xanthosine";"Xanthopterin";"Xanthine";"Val";"UTP";"Urocanic acid";"Uridine";"Uric acid";"Urea";"Uracil";"UMP";"UDP-N-acetylglucosamine";"UDP-glucuronic acid";"UDP-glucose ; UDP-galactose";"UDP";"Tyr-Glu";"Tyramine";"Tyr";"Trp";"Trimethylamine N-oxide";"Trigonelline";"Triethanolamine";"Trehalose 6-phosphate";"trans-Glutaconic acid ; Itaconic acid";"threo-beta-Methylaspartic acid";"Threonic acid";"Thr-Asp";"Thr";"Thiaproline";"Thiamine phosphate";"Thiamine";"Theobromine";"Taurocholic acid";"Taurine";"Succinic acid";"Suberic acid";"Stachydrine";"Spermine";"Spermidine";"Sorbitol 6-phosphate";"S-Nitrosoglutathione";"S-Methylmethionine";"S-Lactoylglutathione";"Serotonin";"Ser-Glu";"Ser";"Sedoheptulose 7-phosphate";"SDMA";"Sarcosine";"S-Adenosylmethionine";"S-Adenosylhomocysteine";"Saccharopine";"Ribulose 5-phosphate";"Ribulose 1,5-diphosphate";"Ribose 5-phosphate";"Rhein";"Quinolinic acid";"Pyruvic acid";"Pyridoxamine 5'-phosphate";"Pyridoxal";"Pyridine-2-carboxylic acid butyl ester";"Putrescine";"Pterin";"Propionyl CoA_divalent";"Propionic acid";"Pro";"p-Nitrophenyl phosphate";"Pipecolic acid";"Pimelic acid";"Phosphorylcholine";"Phosphoenolpyruvic acid";"Phosphocreatine";"Phenaceturic acid";"Phe";"Pelargonic acid";"Pantothenic acid";"Oxypurinol";"O-Succinylhomoserine";"Ornithine";"Ophthalmic acid";"Octanoyl CoA_divalent";"O-Acetylcarnitine";"omega-N-Methylarginine";"N-Methylproline";"N-Methylglutamic acid";"N-Methylalanine";"Nicotinic acid";"N-Ethylmaleimide_+H2O";"N-Carbamoylaspartic acid";"NADPH_divalent";"NADP+";"NADH";"NAD+";"N-Acetyl-beta-alanine";"N-Acetylphenylalanine";"N-Acetylornithine";"N-Acetylneuraminic acid";"N-Acetylmethionine";"N-Acetylleucine";"N-Acetylhistidine";"N-Acetylglutamic acid";"N-Acetylglucosamine 6-phosphate";"N-Acetylglucosamine 1-phosphate";"N-Acetylglucosamine";"N-Acetylaspartic acid";"N8-Acetylspermidine";"N6-Acetyllysine";"N6,N6,N6-Trimethyllysine";"N5-Ethylglutamine";"N1-Acetylspermidine";"N,N-Dimethylglycine";"myo-Inositol 2-phosphate";"Mucic acid";"Methionine sulfoxide";"Met";"Malic acid";"Lys";"Leu";"Lauric acid";"Lactic acid";"Kynurenine";"Isovaleric acid";"Isopropanolamine";"Isonicotinamide ; Nicotinamide";"Isocitric acid";"Isobutyryl CoA_divalent";"Isobutyric acid ; Butyric acid";"Isobutylamine";"Isethionic acid";"Inosine";"IMP";"Imidazolelactic acid";"Imidazole-4-acetic acid";"Ile";"Hypoxanthine";"Hypotaurine";"Hydroxyproline";"Homovanillic acid";"Homoserine";"Histamine";"His";"Hexylamine";"Hexanoic acid";"Heptanoic acid";"Guanosine";"Guanidoacetic acid";"Guanidinosuccinic acid";"GTP";"GMP";"Gly-Leu";"Gly-Gly";"Glycolic acid";"Glycocholic acid";"Glycerophosphocholine";"Glycerol 3-phosphate";"Glyceric acid";"Glyceraldehyde 3-phosphate";"Gly-Asp";"Gly";"Glutathione (GSSG)_divalent";"Glutathione (GSH)";"Glutaric acid";"Glucuronic acid";"Glucose 6-phosphate";"Glucose 1-phosphate";"Glucosamine";"Gluconic acid";"Glucaric acid";"Glu";"Gln";"GDP-mannose ; GDP-galactose";"GDP";"Ganciclovir";"GABA";"Fumaric acid";"Fructose 6-phosphate";"Fructose 1,6-diphosphate";"FAD_divalent";"Ethanolamine phosphate";"Ergothioneine";"Ectoine";"Dyphylline";"dTTP";"Dihydroxyacetone phosphate";"Diethanolamine";"Cytosine";"Cytidine";"Cysteinesulfinic acid";"Cysteine glutathione disulphide";"Cysteic acid";"Cystathionine";"Cys";"Cyclohexylamine";"Creatinine";"Creatine";"CoA_divalent";"CMP-N-acetylneuraminate";"CMP";"Citrulline";"Citric acid";"cis-Aconitic acid";"Choline";"Cholic acid";"CDP-choline";"CDP";"Carnosine";"Carnitine";"Carboxymethyllysine";"Betonicine";"Betaine aldehyde_+H2O";"Betaine";"Benzoic acid";"ATP";"Asp";"Asn";"Ascorbic acid";"Argininosuccinic acid";"Arg-Glu";"Arg";"Anthranilic acid";"AMP";"Ala-Ala";"Ala";"ADP-ribose";"ADP-glucose ; GDP-fucose";"ADP";"ADMA";"Adipic acid";"Adenylosuccinic acid";"Adenosine";"Adenine";"Acetyl CoA_divalent";"Acetoacetamide";"7,8-Dihydrobiopterin";"6-Phosphogluconic acid";"6-Hydroxyhexanoic acid";"6-Aminohexanoic acid";"5-Oxoproline";"5-Oxohexanoic acid";"5-Oxo-2-tetrahydrofurancarboxylic acid";"5-Methyltetrahydrofolic acid";"5-Methoxyindoleacetic acid";"5'-Deoxy-5'-methylthioadenosine";"5-Aminovaleric acid";"5-Aminoimidazole-4-carboxamide ribotide";"5,6,7,8-Tetrahydrobiopterin";"4-Guanidinobutyric acid";"4-Amino-3-hydroxybutyric acid";"3-Ureidopropionic acid";"3-Phosphoglyceric acid";"3-Indoxylsulfuric acid";"3-Hydroxybutyric acid";"3-Hydroxy-3-methylglutaric acid";"3'-Dephospho CoA";"3-Aminoisobutyric acid";"3-Aminobutyric acid";"3',5'-ADP";"2-Phosphoglyceric acid";"2-Methylserine";"2-Hydroxyvaleric acid";"2-Hydroxyisobutyric acid";"2-Hydroxybutyric acid";"2-Hydroxy-4-methylvaleric acid";"2-Deoxyglucose 6-phosphate";"2-Aminobutyric acid";"2-Aminoadipic acid";"2,6-Diaminopimelic acid";"2,4-Diaminobutyric acid";"2,3-Diphosphoglyceric acid";"2,3-Diaminopropionic acid";"1-Pyrroline 5-carboxylic acid";"1-Methylnicotinamide";"1-Methylhistidine ; 3-Methylhistidine";"1-Methylhistamine";"1-Methyladenosine";"1-Methyl-4-imidazoleacetic acid";"1-Methyl-2-pyrrolidone";"1H-Imidazole-4-propionic acid"
"normal_1";0,00213;3e-05;0,00225;0,00698;0,00204;0,00012;0,00834;0,02848;2e-05;2e-05;0,00929;0,00183;0,14336;0,00148;0,00639;0,00304;4e-05;0,00353;0,00027;1e-04;4e-05;0,01174;0,00346;0,00068;9e-04;9e-05;5e-05;0,00015;0,00015;0,00125;7e-05;0,01439;0,00028;0,00083;0,00058;0,08333;0,01456;0,04508;0,03747;3e-05;0,0041;0,00015;0,00138;3e-05;0;0,00248;0,00033;0,00013;0,00025;0,01247;0,00073;6e-05;0,00232;0,00269;0,00145;0,00058;0,00722;8e-05;0,00021;7e-05;0;0,00049;0,00096;2e-05;2e-05;0,00011;4e-05;9e-05;0,00018;0,01768;1e-04;0,00085;0;0,04161;0,00057;0;8e-05;0,01453;9e-05;0,00021;0,01218;0;0,01844;0,0016;0;0,00568;3e-05;2e-05;1e-04;0;0;6e-05;0;0,00011;0,00033;9e-05;0,00116;5e-05;9e-05;0,00047;0,00014;9e-05;0,00026;0,00037;0,00136;0,00021;0,00021;0,00084;0;2e-05;0,00011;0,00015;0,00034;6e-05;0,00256;0,00022;0;3e-05;0,00467;0,07159;0,02923;0,04754;0,00023;0,0122;9e-05;0;0;0,04677;0,00025;4e-05;8e-05;0,00014;0,00055;0,03955;0,00606;3e-04;3e-05;0,02123;0,01116;0,00518;0,00154;0,00021;0,00014;0;0,03396;0,00371;9e-05;0;0,00052;0,00079;0,00159;3e-05;0,00541;0,00138;0,00055;3e-04;1e-05;0,00964;0,03998;0,00013;5e-05;0,00014;0,06469;0,07273;0,04104;0,00021;0,00025;0,00174;0,00209;0,00108;0,02608;4e-05;0,08546;0,0099;0,00022;0,00027;0,00778;0,0028;0,00825;0,00039;0,00112;0,00065;0,00235;0,00614;0,00029;0,00152;0;0,00069;7e-05;1e-05;8e-05;1e-05;0,00035;2e-05;0,00108;0,00134;0,00019;0,00029;0,01526;0,00222;0,00116;0,00035;0,00095;0,00182;8e-05;0,0241;1e-04;0,00024;2e-05;0,00019;0,02443;4e-05;5e-05;0,00071;0,07356;1e-04;0,001;0,02058;0,00667;0,00813;3e-04;0,00023;0,00035;0;0,02831;0,00081;0,00486;0,00391;0,00013;0,006;1e-04;1e-04;0,00143;0,00141;0,00023;5e-05;4e-05;8e-05;0,00055;7e-05;3e-05;0,00139;4e-05;0;3e-05;0;0,00012;0,00482;7e-05;2e-05;0,00081;5e-05;5e-05;0,00272;5e-05;0,00876;0;0,00025;0,00087;0,00029;0,00027;0,00023;1e-04;0,00026;0,00017;0,00171;0,00012;9e-05;0,0023;0,00179;0;0,00011;0,00083;4e-05;3e-05;0,00113;0,00081;2e-05;3e-05;1e-04;7e-04;0,00012
"normal_2";0,00212;4e-05;0,0022;0,01274;0,00138;1e-04;0,00506;0,04297;2e-05;2e-05;0,0107;0,00359;0,20963;0,0017;0,00657;0,00375;3e-05;0,00088;0,00028;7e-05;2e-05;0,01396;0,00358;0,00031;0,00216;4e-05;6e-05;0,00022;0,00016;0,00137;5e-05;0,02472;0,00044;0,00067;0,00062;0,07477;0,01274;0,04491;0,03289;3e-05;0,00436;0,00014;0,00148;2e-05;0;0,00251;0,00035;1e-04;0,00016;0,01729;0,0011;5e-05;0,01207;0,00079;0,00409;0,00172;0,00677;6e-05;0,00017;2e-05;0;0,00063;0,00099;0;3e-05;6e-05;6e-05;9e-05;0,00018;0,04116;9e-05;0,0015;0;0,04462;0,00048;2e-05;1e-04;0,01798;6e-05;0,00023;0,00889;2e-05;0,04405;0,00313;0;0,00312;0,00011;4e-05;3e-05;3e-05;0;5e-05;0;9e-05;0,00037;7e-05;0,00125;8e-05;9e-05;0,00041;2e-04;1e-04;0,00044;0,00048;0,00362;0,00018;2e-04;0,00054;2e-05;2e-05;0,00018;0,00015;0,00041;5e-05;0,00587;2e-04;0;4e-05;0,00574;0,05573;0,04666;0,05816;0,00026;0,01133;1e-04;6e-05;3e-05;0,04091;0,00023;5e-05;7e-05;0,00011;0,00041;0,01989;0,00297;0,00023;3e-05;0,02895;0,0065;0,02852;0,00391;0,00045;0,00029;0;0,03336;0,00304;9e-05;0;0,00025;0,00109;0,00201;4e-05;0,00511;0,00139;0,00048;0,00027;0;0,0084;0,02249;9e-05;0;0,00015;0,08872;0,08098;0,0372;0,00059;0,00027;0,00168;0,00255;0,00071;0,01553;0;0,06318;0,00768;0,00023;0,00026;0,00914;0,00364;0,0071;0,00041;3e-04;0,00063;0,00245;0,00684;0,00143;0,00115;0;0,00028;5e-05;1e-05;9e-05;4e-05;0,00054;4e-05;0,00606;0,00175;0,00014;3e-04;0,01739;0,00181;0,00139;0,00034;0,00248;0,00372;0,00011;0,03401;9e-05;0,00038;0;0,00014;0,02304;5e-05;6e-05;0,00073;0,06357;8e-05;0,00108;0,02358;0,00743;0,00971;0,00063;0,00028;0,00041;1e-05;0,03692;0,00064;0,00738;0,00363;7e-05;0,00633;0,00018;0,00011;0,00165;0,0016;0,00031;3e-05;7e-05;9e-05;0,00055;4e-05;6e-05;0,00154;0;4e-05;3e-05;2e-05;5e-05;0,00695;5e-05;2e-05;0,00372;6e-05;4e-05;0,002;0,00011;0,00505;0;2e-04;0,00142;0,00033;0,00038;0,00018;0,00015;0,00022;0,00015;0,00456;8e-05;1e-04;0,00684;0,01495;0;1e-04;0,00087;4e-05;7e-05;0,00055;0,00089;1e-05;3e-05;8e-05;0,00055;0,00015
"normal_3";0,00115;4e-05;0,00193;0,00995;0,00053;9e-05;0,00427;0,03943;4e-05;2e-05;0,00681;0,0022;0,2026;0,00114;0,00975;0,00497;6e-05;0,00359;3e-04;4e-05;3e-05;0,01095;0,00371;0,00043;0,00149;6e-05;7e-05;0,00026;0,00021;0,00141;5e-05;0,02352;0,00064;8e-04;0,00044;0,04832;0,01939;0,04451;0,03748;3e-05;0,00521;0,00011;0,00121;4e-05;4e-05;0,00241;0,00038;0,00011;0,00011;0,01876;0,00155;6e-05;0,01006;0,00106;0,00303;0,00252;0,00645;6e-05;0,00018;6e-05;2e-05;0,00045;0,00103;2e-05;4e-05;7e-05;7e-05;6e-05;0,00014;0,03062;1e-04;0,00169;0;0,04638;0,00038;5e-05;0,00013;0,01511;0,00013;3e-04;0,00656;1e-05;0,04237;0,00265;0;0,00631;9e-05;4e-05;0,00013;4e-05;1e-05;0;3e-05;0,00021;0,00062;0,00013;0,00173;5e-05;0,00013;0,00026;2e-04;7e-05;0,00068;5e-04;0,00434;0,00018;0,00023;3e-04;9e-05;2e-05;0,00014;0,00014;0,00036;6e-05;0,00601;0,00043;0;5e-05;0,00492;0,06278;0,04011;0,05107;0,00037;0,00903;0,00013;1e-04;2e-05;0,03771;0,00024;0,00012;3e-04;0;0,00041;0,01622;0,00423;0,00025;5e-05;0,02482;0,00646;0,02809;0,00347;3e-04;0,00026;0,00027;0,03213;0,00211;3e-04;5e-05;0,00026;0,00144;0,00162;6e-05;0,00531;0,00091;0,00045;0,00034;0;0,01079;0,02749;9e-05;2e-05;0,00016;0,07952;0,09971;0,03394;0,00084;0,00074;0,00196;0,00158;0,00055;0,01446;2e-05;0,08319;0,00733;0,00019;0,00032;0,00545;0,00291;0,00872;4e-04;0,00074;8e-04;0,00307;0,00667;0,00135;9e-04;2e-05;0,00035;6e-05;1e-05;0,00014;3e-05;0,00051;2e-05;0,00554;0,00115;0,00011;3e-04;0,02797;0,00235;0,00168;0,00051;0,00221;0,00469;9e-05;0,03952;6e-05;0,00028;2e-05;9e-05;0,02363;4e-05;5e-05;0,00083;0,07932;1e-04;0,00182;0,03154;0,00572;0,00999;0,00075;0,00012;4e-04;1e-05;0,03972;0,00032;0,00649;0,00267;8e-05;0,00811;0,00016;1e-04;0,00259;0,00236;0,00037;7e-05;6e-05;1e-04;0,00077;7e-05;5e-05;0,00136;0;3e-05;2e-05;2e-05;7e-05;0,00539;4e-05;3e-05;0,00351;5e-05;5e-05;0,00181;0,00013;0,00626;0;0,00015;0,00123;0,00035;0,00067;0,00015;1e-04;0,00026;0;0,00407;9e-05;1e-04;0,00534;0,01269;0;1e-04;0,00091;3e-05;8e-05;0,00044;0,001;3e-05;4e-05;0,00011;0,00067;8e-05
"normal_4";0,00112;0;0,00154;0,00762;0,00076;8e-05;0,00605;0,04423;3e-05;2e-05;0,00663;0,00225;0,15643;0,00108;0,00683;0,00424;4e-05;0,00721;0,00028;4e-05;3e-05;0,01119;0,00372;0,00028;0,00145;5e-05;6e-05;2e-04;0,00014;0,00155;5e-05;0,02416;0,00087;0,00073;0,00044;0,04838;0,01797;0,04237;0,03942;0;0,00439;0,00015;0,00162;3e-05;4e-05;0,00267;0,00039;0,00011;0,00014;0,017;0,00109;5e-05;0,0092;0,00186;0,00315;0,0012;0,00749;6e-05;0,00014;0,00013;1e-05;0,00035;0,00107;3e-05;3e-05;5e-05;1e-04;3e-05;0,00012;0,03343;7e-05;9e-04;4e-05;0,03755;0,00069;3e-05;7e-05;0,01699;0,00011;0,00021;0,00908;0;0,03333;0,00184;3e-05;0,00621;5e-05;3e-05;0,00014;0;2e-05;5e-05;0;0,00017;0,00071;0,00019;0,00228;3e-05;0,00014;0,00035;0,00014;9e-05;0,00067;0,00046;0,0021;0,00018;0,00016;0,00049;2e-05;2e-05;0,00012;0,00016;0,00032;4e-05;0,00606;0,00049;0;4e-05;0,00477;0,03771;0,04235;0,05694;0,00039;0,00889;0,00012;1e-04;3e-05;0,03914;0,00017;0,00013;0,00029;0,00011;0,00034;0,02593;0,00367;3e-04;5e-05;0,03095;0,00826;0,02629;0,00321;3e-04;0,00026;0;0,03937;0,00228;3e-04;4e-05;0,00045;7e-04;0,00106;7e-05;0,00525;0,00107;0,00048;0,00033;2e-05;0,01237;0,03378;0,00011;3e-05;0,00022;0,08596;0,10948;0,02949;0,00045;0,00058;0,00212;0,00182;0,00061;0,01389;2e-05;0,06112;0,00896;0,00021;0,00031;0,00592;0,002;0,00466;0,00056;0,00223;0,00076;0,00222;0,00701;0,00074;0,00116;0;0,00055;5e-05;1e-05;1e-04;3e-05;0,00051;1e-05;0,00499;0,00085;0,00012;0,00031;0,01634;0,00218;0,0017;0,00052;0,00155;0,00128;0;0,0447;6e-05;0,00024;3e-05;9e-05;0,02035;5e-05;6e-05;0,00081;0,09045;8e-05;0,00164;0,02776;0,0077;0,00752;0,00057;0,00018;0,00034;2e-05;0,03543;0,00029;0,00676;0,00216;9e-05;0,00728;0,00014;1e-04;0,00259;0,00174;0,00047;0,00016;5e-05;9e-05;0,00089;6e-05;5e-05;0,00098;0;3e-05;0;0;0,00013;0,00497;3e-05;0;0,00203;5e-05;4e-05;0,0032;8e-05;0,00584;5e-05;0,00012;0,00086;0,00031;0,00047;0,00027;0,00013;0,00025;0;0,00235;8e-05;1e-04;0,00338;0,00387;2e-05;0,00011;0,00123;7e-05;0;0,00034;0,00086;1e-05;4e-05;8e-05;0,00046;0,00011
"normal_5";0,00076;0;0,00143;0,00626;0,00093;5e-05;0,00547;0,04475;6e-05;0;0,00704;0,00311;0,13072;0,00118;0,00913;0,00604;7e-05;0,00959;0,00041;5e-05;4e-05;0,01177;0,00398;0,00022;0,00082;5e-05;4e-05;0,00011;0,00017;0,00154;5e-05;0,0236;0,00087;0,00087;0,00038;0,04617;0,02441;0,03957;0,02637;2e-05;0,00389;0,00016;0,00134;3e-05;4e-05;0,00214;0,00032;0,00013;0,00015;0,02031;0,00119;5e-05;0,00576;0,00294;0,00267;0,00051;0,00865;8e-05;0,00014;0,00014;1e-05;2e-04;0,00125;4e-05;3e-05;5e-05;0,00013;6e-05;1e-04;0,02749;9e-05;0,00056;2e-05;0,01984;4e-04;3e-05;0;0,01974;0,00011;0,00025;0,00903;3e-05;0,02095;0,00157;2e-05;0,00668;3e-05;0;0,00012;2e-05;2e-05;5e-05;0;0,00011;0,00108;0,00012;0,00358;3e-05;0,00014;0,00033;0,00017;6e-05;0,00042;0,00051;0,0014;0,00017;0,00018;0,00036;3e-05;1e-05;0,00014;0,00025;0,00024;4e-05;0,00418;0,00038;0;5e-05;0,00492;0,03022;0,04412;0,06352;0,00048;0,00687;0,00011;0;2e-05;0,04501;0,00015;0,00011;1e-04;0,00012;0,00034;0,03065;0,00547;0,00032;4e-05;0,03307;0,00895;0,0181;0,00176;0,00025;0,00018;2e-05;0,04135;0,00248;0,00011;4e-05;0,00055;0,00079;0,00115;1e-04;0,00623;0,00108;0,00058;0,00024;2e-05;0,01554;0,02919;9e-05;3e-05;0,00029;0,0734;0,11651;0,01893;0,00018;0,00097;0,00146;0,00161;0,00058;0,01674;3e-05;0,05197;0,01059;0,00022;0,00035;0,00425;0,00156;0,00447;0,00037;0,00209;0,00089;0,0033;0,00654;0,00036;0,00116;0;0,00049;6e-05;0;0,00018;2e-05;0,00072;1e-05;0,00261;0,00048;0,00012;0,00024;0,01539;0,00163;0,00235;0,00052;0,00144;0,00205;0;0,04459;0,00011;0,00034;3e-05;9e-05;0,02008;5e-05;5e-05;0,00118;0,10405;8e-05;0,003;0,02287;0,00809;0,00339;5e-04;0,00014;0,00029;0;0,03754;0,00028;0,00505;0,00373;8e-05;0,01083;0,00012;0;0,00181;0,00262;0,00053;0,00018;3e-05;1e-04;0,00072;3e-05;5e-05;0,00099;0;0;0;0;0,00017;0,00314;5e-05;0;0,00127;5e-05;3e-05;0,00208;5e-05;0,00518;6e-05;0,00013;7e-04;0,00042;0,00086;0,00016;5e-05;0,00019;0,00016;0,00135;6e-05;0,00011;0,0023;0;0;8e-05;0,00122;4e-05;2e-05;0,00065;0,00059;1e-05;5e-05;7e-05;0,00062;3e-05
"12h_fasting_1";5e-04;7e-05;0,00153;0,01778;0,00099;0;0,00903;0,03792;2e-05;0,00018;0,00643;0,0024;0,14257;0,00113;0,00709;0,00576;5e-05;0,00322;0,00028;5e-05;3e-05;0,01353;0,00289;3e-05;0,00028;3e-05;5e-05;0,00013;0,00017;0,00115;5e-05;0,02156;0,00128;0,00127;4e-04;0,02106;0,01296;0,04626;0,02105;8e-05;0,00254;6e-05;8e-04;1e-05;3e-05;0,00229;0,00018;7e-05;0,00013;0,01379;0,00068;0,00012;0,00578;0,00082;0,0026;0,00334;0,00704;7e-05;0,00014;5e-05;3e-05;0;0,00161;0,00013;3e-05;4e-05;0,00017;8e-05;0,00067;0,02693;7e-05;0,00114;5e-05;0,01286;2e-04;1e-04;6e-05;0,01889;2e-04;0,00072;0,01336;2e-04;0,02177;0,00769;0;0,0013;4e-05;2e-05;3e-04;3e-05;1e-05;9e-05;0;7e-05;0,00053;5e-05;0,00154;0,00014;3e-05;3e-04;2e-04;0,00015;0,00027;0,00046;0,00317;0,00029;0,00025;0,0011;3e-05;2e-05;0,00013;0,00018;0,00028;6e-05;0,00366;0,00031;0;8e-05;0,00859;0,03829;0,04039;0,05978;0,00084;0,00539;0,00028;0,00024;2e-05;0,04525;0,00015;2e-05;0,00037;7e-05;0,00029;0,02756;0,00587;0,00032;5e-05;0,02747;0,01497;0,01993;0,00224;0,00016;0,00016;1e-05;0,03412;0,00219;0,00019;6e-05;0,00064;0,00067;0,00052;4e-05;0,00686;0,00104;0,00085;0,00022;2e-05;0,00204;0,03161;9e-05;0;0,00018;0,08098;0,10178;0,00927;0,00055;0,00017;0,00013;0,00025;0,00046;0,02994;0;0,08056;0,00583;7e-05;0,00041;0,00342;0,00174;0,00621;5e-05;0,00024;0,00103;0,00531;0,00689;1e-04;0,00074;0;0,00015;5e-05;1e-05;0,00011;3e-05;0,00064;1e-05;0,00252;0,00026;0,00011;0,00029;0,02834;0,00165;0,00157;0,00042;0,00142;0,00116;0;0,07312;0,00094;0,00048;2e-05;0,00023;0,05331;4e-05;0;0,00145;0,0735;8e-05;0,00086;0,03608;0,00678;0,00351;0,00023;0,00018;0,00019;2e-05;0,04181;0,00058;0,00477;0,00233;9e-05;0,00629;0,00019;0,00039;0,00209;0,00306;0,00058;0;0;0,00011;0,00018;5e-05;7e-05;0,00251;0;2e-05;3e-05;0;7e-05;0,00248;6e-05;0;0,00032;6e-05;0;0,00078;3e-05;0,01689;0,00018;0,00013;0,00196;0,0028;0,00121;8e-05;8e-05;0,00042;0,00035;0,00403;1e-04;0,00017;0,00969;0,01108;4e-05;8e-05;0,00029;6e-05;3e-05;5e-04;0,00122;1e-05;5e-05;0,00018;6e-04;1e-04
"12h_fasting_2";0,00046;7e-05;0,0011;0,01317;0,00058;3e-05;0,00824;0,03474;1e-05;4e-05;0,00649;0,00242;0,10548;0,00111;0,00741;0,00347;4e-05;0,00289;0,00019;2e-05;3e-05;0,01104;0,00311;1e-05;0,00031;4e-05;4e-05;1e-04;0,00018;0,00189;3e-05;0,02025;0,0016;0,00096;0,00037;0,01427;0,00711;0,04974;0,01316;0,00014;0,00168;6e-05;0,00074;0;2e-05;0,00108;0,00012;0,00013;9e-05;0,01284;0,00075;9e-05;0,00173;0,00193;0,00145;0,00055;0,00692;8e-05;0,00013;5e-05;2e-05;0;0,0013;0,00011;0;5e-05;8e-05;4e-05;0,00022;0,01979;6e-05;0,00094;4e-05;0,01654;0,00011;5e-05;6e-05;0,01752;0;0,00072;0,01268;0,00024;0,01456;0,01012;0;0,00176;3e-05;0;0,00031;0;2e-05;8e-05;0;8e-05;0,00046;7e-05;0,00147;9e-05;1e-05;0,00022;0,00012;0,00011;0,00017;0,00022;0,00138;0,00031;0,00025;0,00133;0;1e-05;0,00011;0,00023;2e-04;6e-05;0,00232;0,00026;4e-05;6e-05;0,00736;0,02354;0,03024;0,05594;0,00077;0,00292;1e-04;0;1e-05;0,04061;0,00014;0;6e-05;0,00011;0,00038;0,02803;0,0049;0,00027;5e-05;0,0278;0,01597;0,00701;0,00138;1e-04;0,00014;1e-05;0,03196;0,00058;4e-05;0;0,00058;0,00039;0,00028;4e-05;0,0066;0,00079;0,00085;2e-04;0;0,00203;0,02311;1e-04;0;0,00016;0,07492;0,08305;0,01115;0,00015;2e-04;0,00011;0,00021;0,00024;0,02055;4e-05;0,07615;0,00756;9e-05;0,00033;0,00261;0,00099;0,00331;4e-05;2e-04;0,00074;0,00568;0,00707;0,00017;0,00064;0;0,00015;6e-05;1e-05;0,00017;1e-05;0,00037;1e-05;0,00144;0,00032;9e-05;0,00028;0,0218;0,00117;0,00135;0,00041;0,00108;0,00119;0;0,07817;0,00033;0,00041;2e-05;0,00013;0,04545;4e-05;0;0,0012;0,05244;0,00011;0,00072;0,03237;0,00647;0,00381;0,00019;0,00014;2e-04;0;0,03882;0,00048;0,00289;0,00202;7e-05;0,00545;0,00014;0,00065;0,0016;0,00321;0,00054;0;2e-05;0,00012;0,00014;2e-05;4e-05;0,00324;0;0;3e-05;0;0,00015;0,00152;4e-05;0;0,00047;4e-05;4e-05;0,00058;5e-05;0,02329;0,00036;9e-05;0,00125;0,00309;0,00122;6e-05;7e-05;4e-04;0,00042;0,00255;1e-04;0,00014;0,011;0,00202;3e-05;5e-05;0,00118;3e-05;2e-05;0,00082;0,00122;2e-05;7e-05;0,00015;0;4e-05
"12h_fasting_3";0,00076;1e-04;0,0011;0,01042;0,00043;4e-05;0,00566;0,03678;0;3e-05;0,00672;0,00224;0,11282;0,0012;0,00999;0,00399;5e-05;0,00238;2e-04;4e-05;3e-05;0,01149;0,00306;3e-05;0,00036;4e-05;3e-05;0,00013;0,00012;0,0015;5e-05;0,02405;0,00174;0,00104;0,00046;0,0249;0,01161;0,0397;0,01807;0,00016;0,00208;5e-05;5e-04;1e-05;0;0,00169;0,00016;1e-04;0,00013;0,01798;0,00096;8e-05;0,00234;0,0026;0,0019;0,00102;0,00852;7e-05;0,00014;5e-05;1e-05;0;0,00136;9e-05;0;4e-05;9e-05;6e-05;2e-04;0,02654;7e-05;0,00095;6e-05;0,01036;0,00014;4e-05;6e-05;0,01849;6e-05;0,00031;0,00866;3e-04;0,01827;0,01019;0;0,00276;4e-05;3e-05;0,00034;2e-05;1e-05;6e-05;0;6e-05;5e-04;5e-05;0,00136;8e-05;5e-05;0,00028;0,00014;8e-05;0,00032;0,00032;0,00167;0,00023;2e-04;5e-04;2e-05;2e-05;0,00013;0,00016;0,00025;4e-05;0,00219;0,00042;4e-05;5e-05;0,00697;0,02927;0,04139;0,06016;0,00074;0,0042;8e-05;0;2e-05;0,04172;0,00019;2e-05;7e-05;0,00013;0,00019;0,02401;0,00429;0,00029;4e-05;0,02877;0,00989;0,00704;0,00204;9e-05;0,00019;0;0,03956;0,00106;0;0;0,00053;0,00056;0,00036;5e-05;0,00689;0,00088;0,00083;0,00018;2e-05;0,00317;0,02529;1e-04;0;0,00024;0,07192;0,09178;0,01389;0,00038;0,00088;0,00028;0,00035;0,00031;0,01965;4e-05;0,08704;0,0084;0,00013;0,00034;0,0044;0,00112;0,00411;9e-05;0,00028;0,00081;0,00542;0,00565;0,00017;0,00082;0;0,00018;5e-05;2e-05;0,00018;0;0,00036;1e-05;0,00211;0,00033;0,00012;0,00023;0,0205;0,00154;0,00157;0,00044;0,00107;0,00174;0;0,05364;0,00037;0,00038;0;0,00016;0,04252;4e-05;0;0,00096;0,06703;8e-05;0,00082;0,03819;0,00676;0,00157;2e-04;0,00014;0,00032;0;0,0407;0,00057;0,0047;0,00227;7e-05;0,00638;0,00024;0,00057;0,00229;0,0027;0,00061;1e-05;0;0,00013;0,00038;3e-05;3e-05;0,00197;0;0;2e-05;0;0,00019;0,0018;4e-05;0;0,00088;5e-05;4e-05;0,00061;5e-05;0,01493;0,00059;0,00013;0,00183;0,00227;0,00153;7e-05;6e-05;3e-04;0,00028;0,00232;8e-05;0,00011;0,01003;0,0057;4e-05;8e-05;0,00065;6e-05;4e-05;0,00057;0,00105;1e-05;6e-05;0,00014;0;3e-05
"12h_fasting_4";0,00037;5e-05;0,00093;0,01232;0,00051;4e-05;0,00785;0,02622;2e-05;5e-05;0,00611;0,00351;0,13681;0,00109;0,00819;0,00326;8e-05;0,00281;0,00021;2e-05;2e-05;0,00754;0,00256;5e-05;0,00027;6e-05;3e-05;0,00015;0,00015;0,00156;2e-05;0,01342;0,00157;0,00088;0,00039;0,01437;0,01128;0,05005;0,01924;0,00013;0,00147;4e-05;0,00052;1e-05;0;0,00152;0,00015;9e-05;7e-05;0,00879;0,00076;9e-05;0,00156;0,0019;0,00162;0,00041;0,00786;8e-05;0,00018;6e-05;2e-05;0;0,00133;1e-04;3e-05;4e-05;8e-05;7e-05;0,00041;0,01678;7e-05;0,00077;4e-05;0,01886;0,00017;9e-05;6e-05;0,01202;0,00019;0,00052;0,01213;0,00023;0,01183;0,00602;0;0,0034;3e-05;2e-05;3e-04;2e-05;2e-05;0;0;9e-05;0,00104;7e-05;0,00331;1e-04;2e-05;0,00018;0,00013;7e-05;0,00021;0,00027;0,00141;0,00034;0,00027;0,00065;5e-05;1e-05;1e-04;0,00015;2e-04;3e-05;0,00238;0,00038;4e-05;2e-05;0,00487;0,02373;0,02413;0,04101;0,00092;0,00359;6e-05;0;2e-05;0,03577;9e-05;2e-05;0,00015;1e-04;0,00038;0,02307;0,00468;0,00027;4e-05;0,0199;0,0116;0,00646;0,00168;0,00011;0,00012;0,00014;0,02386;0,00223;0,00013;4e-05;0,00081;0,00056;0,00066;4e-05;0,00649;0,00069;7e-04;0,00024;1e-05;0,00303;0,02401;0,00011;0;0,00015;0,07256;0,09104;0,01099;0,00016;0,00069;0,00017;0,00033;0,00016;0,0209;3e-05;0,06283;0,00689;1e-04;0,00037;0,00257;0,00102;0,00365;7e-05;0,00032;0,00093;0,00607;0,00734;0,00031;0,00045;0;0,00014;5e-05;2e-05;2e-04;2e-05;0,00037;0;0,00114;0,00028;0,00012;0,00031;0,02312;0,00151;0,0014;0,00048;0,00103;0,00169;0;0,08028;0,00032;0,00041;2e-05;8e-05;0,04232;5e-05;0;0,00122;0,05759;9e-05;0,00122;0,02777;0,00478;0,00281;0,00017;7e-05;0,00014;1e-05;0,04737;0,00027;0,00297;0,00151;6e-05;0,00749;0,00014;0,00059;0,00162;0,00371;0,00081;4e-05;0;0,00012;0,00013;3e-05;5e-05;0,00203;0;0;0;0;0,00015;0,00148;7e-05;0;0,00101;5e-05;6e-05;0,00109;8e-05;0,01737;0,00029;6e-05;0,00129;0,00243;0,00097;1e-04;6e-05;3e-04;0,00028;0,00209;8e-05;0,00013;0,00657;0,00151;3e-05;6e-05;0,00059;0;2e-05;0,00066;0,00093;2e-05;4e-05;0,00021;0,00064;5e-05
"12h_fasting_5";0,00022;4e-05;0,00113;0,01408;0,00035;0;0,00731;0,03029;2e-05;4e-05;0,00524;0,00258;0,13154;0,00101;0,00827;0,00271;8e-05;0,00213;0,00021;2e-05;3e-05;0,00891;0,00281;6e-05;0,00042;5e-05;4e-05;0,00019;0,00019;0,00079;3e-05;0,01898;0,00258;0,00076;0,00037;0,00424;0,02092;0,046;0,02349;0,00015;0,00207;3e-05;0,00045;0;3e-05;0,00155;0,00012;8e-05;8e-05;0,01271;0,00058;1e-04;0,00445;0,00061;0,00204;0,00176;0,00563;7e-05;0,00012;5e-05;3e-05;0;0,00141;0,00014;0;3e-05;8e-05;5e-05;0,00045;0,02517;9e-05;0,00144;5e-05;0,02152;0,00014;0,00014;8e-05;0,01305;0,00024;0,00082;0,01144;0,00022;0,01814;0,00496;0;0,00237;3e-05;2e-05;0,00021;3e-05;2e-05;0;0;0,00022;0,00058;0,00014;0,0017;9e-05;2e-05;0,00018;0,00012;6e-05;0,00016;0,00026;0,00182;0,00034;0,00026;0,00082;8e-05;1e-05;0,00012;0,00013;0,00026;4e-05;0,00343;0,00031;0;4e-05;0,00704;0,02511;0,03162;0,04428;0,00133;0,00237;0,00021;0,00011;1e-05;0,03749;0;2e-05;0,00021;0,00013;0,00023;0,01986;0,00317;0,00025;5e-05;0,0211;0,01171;0,01483;0,00212;6e-05;0,00016;0,00024;0,02774;0,00142;0,00013;4e-05;0,00064;0,001;0,00037;3e-05;0,00616;0,00071;0,00072;0;3e-05;0,00263;0,01823;7e-05;0;0,00016;0,08053;0,09047;0,008;0,00047;0,00031;0,00012;0,00019;0,00011;0,02473;3e-05;0,09175;0,00478;9e-05;0,00036;0,00115;0,00113;0,00422;5e-05;0,00018;0,00084;0,00632;0,00694;0,00038;3e-04;0;9e-05;5e-05;2e-05;0,00027;4e-05;0,00042;0;0,00305;0,00022;0,00012;0,00034;0,03383;0,00197;0,00097;0,00063;0,002;0,00114;0;0,07909;0,00084;0,00036;0;0,00011;0,05052;4e-05;0;0,00108;0,06275;0,00012;0,00075;0,0438;0,00522;0,00805;0,00021;8e-05;0,00017;2e-05;0,04263;0,00029;0,00351;0,00139;7e-05;0,006;0,00014;0,00052;0,00227;0,00391;0,00077;2e-05;2e-05;0,00014;0,00012;4e-05;6e-05;0,00177;0;0;3e-05;0;8e-05;0,00181;4e-05;0;0,00131;4e-05;6e-05;0,00082;0,00011;0,01708;0,00022;0,00015;0,00201;0,00247;0,00115;1e-04;7e-05;0,00037;0,00023;0,00274;9e-05;0,00018;0,00868;0,01237;3e-05;8e-05;0,00041;0;4e-05;0,00032;0,00099;3e-05;6e-05;0,00018;0,00047;7e-05